url,prob_2023,prob_2025,label
https://www.spokeo.com/William+Shreve,0.30633948567772096,0.9999527,0
https://www.authorsden.com/,0.6087106797232658,0.999795,0
https://www.article.wn.com/view/2011/11/15/Florida_at_Ohio_State_mens_basketball_preview_glance_USF_vs_/,2.07493498677138e-06,0.9999862,0
https://www.metrolyrics.com/irelands-green-shore-lyrics-tim-obrien.html,2.07493498677138e-06,0.9999831,0
http://s6179.chomikuj.pl/File.aspx?e=Want-FTh0vz6www2xalnT1Nk6O_Wc6huR,2.07493498677138e-06,0.99998856,1
https://www.uk.linkedin.com/pub/jennifer-grant/17/615/14,2.07493498677138e-06,0.9999771,0
http://jopstyle.com/dbfile/dbfile/best/,2.07493498677138e-06,0.99998176,1
http://os.arangbriket.com/pagedoc/5f30ef3d5dc38fc68f018488a2bc6161,2.07493498677138e-06,0.9999945,1
https://www.movies.msn.com/celebrities/celebrity/jon-favreau/,2.07493498677138e-06,0.99997914,0
https://www.randomhouse.com/boldtype/0499/ciment/excerpt.html,0.31207221618251035,0.9999888,0
http://crashtide.com/wp-content/plugins/docsign/f5fae1d2a173555ab14fcda0842ddeea/,0.0010952473826409995,0.9999938,1
https://www.filespart.com/g/gino-vannelli-live-in-montreal-dvdrip.html,7.084315748838488e-05,0.99997115,0
https://www.biomedexperts.com/Profile.bme/1146576/Mark_Pykett,1.0384431660055246e-07,0.9999783,0
https://verifikasiakun4571.wixsite.com/mysite,0.00770369619109072,0.99994576,1
https://www.spike.com/articles/5s9k52/bellator-fighting-championships-bellator-53-preview,0.18611461985726688,0.99998295,0
https://www.harrywhitneyphotography.com/,1.0384431660055246e-07,0.9998368,0
https://www.rollingstone.com,0.632412112486118,0.0064775357,0
https://www.ebay.com/ctg/Patients-Guide-Knee-and-Hip-Replacement-Irwin-Silber-1999-Paperback-/1035197,2.07493498677138e-06,0.99997866,0
https://www.bostonradio.org/nerw/nerw-020625.html,0.035058436482216966,0.9999801,0
https://www.gotexassoccer.com/roster/roster.htm,1.0384431660055246e-07,0.9999356,0
https://www.northamptonuk.co.uk/historydetail.php?id=25435&f=Northampton,1.0384431660055246e-07,0.99998105,0
https://www.robertrfordtrucking.com/,1.0384431660055246e-07,0.9998859,0
http://mxp1076.com,2.07493498677138e-06,0.99956805,1
https://www.xula.edu/athletics/mb/coaches/danntonjackson.html,2.07493498677138e-06,0.9999777,0
https://www.opendi.ca/saint-bruno/634421.html,0.16510952038157917,0.99996793,0
https://www.arts.nationalpost.com/2010/11/26/book-review-the-madman-and-the-butcher-the-sensational-wars-of-sam-hughes-and-general-arthur-currie-by-tim-cook/,1.0384431660055246e-07,0.9999778,0
http://squidgen.xyz/stoli/,2.07493498677138e-06,0.99998176,1
http://vipfb.ru/,2.07493498677138e-06,0.9999279,1
https://www.fodors.com/community/europe/hurray-direct-flight-to-paris.cfm,0.40183643201986435,0.99997723,0
https://www.gruvr.com/band/copperboxband/,0.5157150576133176,0.9999602,0
https://www.movies.yahoo.com/movie/contributor/1800022007/bio,0.08490215033516549,0.999987,0
https://www.vet.cornell.edu/alumni/reunion/attending.cfm,0.3061800658491835,0.9999809,0
https://www.icehockey.wikia.com/wiki/Scott_Mellanby,2.07493498677138e-06,0.99997973,0
https://www.tvguide.com/tvshows/the-ellen-degeneres-show/194981,0.13010238046267456,0.9999764,0
https://www.nbcnewyork.com/news/local/NJ-State-Police-Outraged-Over-Rapper-Invited-to-White-House-121596869.html,0.20121943334443335,0.9999871,0
https://www.en.wikipedia.org/wiki/Ty_Van_Burkleo,2.07493498677138e-06,0.99998236,0
https://www.mondotimes.com/1/world/ca/63/3144,2.07493498677138e-06,0.99997115,0
https://www.newzimbabwe.com/showbiz-5535-Mapfumo+headlines+Toronto+festival/showbiz.aspx,2.07493498677138e-06,0.99998486,0
https://www.en.wikipedia.org/wiki/Category:Companies_established_in_1935,2.07493498677138e-06,0.9999876,0
http://www.kurort-ecro.ru/secure/Login/webapps/mpp/account/signin/?cmd=_flow&SESSION=TR0ARZo5EF6yOEy0k8vdxlIhqVldR6Mq873DB5vxN8gf3Xxa7qINDvBrvjW&dispatch=50acfdd2fbb19a3d47242b071efa252ac2167fda149e5590dd8ac4b4caff7d0702d631b2c70bbe41527861c2b97c3d1f6a8e47ebd1fddf03,0.14179752371284626,0.9999914,1
https://www.dbstalk.com/archive/index.php/t-134005.html,2.07493498677138e-06,0.99996865,0
https://www.en.wikipedia.org/wiki/Missouri_Route_269,2.07493498677138e-06,0.9999763,0
https://www.canada.com/montrealgazette/news/story.html?id=e99cdce3-c5d9-497e-bd46-2bf13bc128b8,0.1928395215895216,0.9999862,0
https://www.celebta.com/stars/Julia_Montgomery.asp,2.07493498677138e-06,0.99996495,0
https://www.mcgillandpartners.com/,0.5825805661537045,0.9997255,0
https://www.curmilus.wordpress.com/2011/11/04/football-thursday-south-edgecombe-vs-west-edgecombe-middle-school-cougar-bowl-2-south-players-injured-one-2-broken-arms-and-one-concussion/,2.07493498677138e-06,0.99998295,0
https://www.contactanycelebrity.com/trial/do/celebrityView?name=Heidi+Montag,7.45676253545766e-05,0.99996436,0
https://www.rwsentosa.com/Attractions/UniversalStudiosSingapore,0.041564854949004235,0.99997747,0
http://jungbrasilia.com.br/Membership/Finance/index.php,1.0384431660055246e-07,0.99997723,1
https://www.washingtonhighways.blogspot.com/2008/04/washington-state-route-5.html,2.07493498677138e-06,0.99998605,0
